Workbook

Sheet PETUNJUK
B2: TEMPLATE RAPORT BAYANGAN
B4: Tujuan | C4: File ini dibuat berdasarkan format raport pada gambar referensi. Guru/pengguna cukup mengisi sheet INPUT_NILAI, lalu mencetak sheet RAPORT.
B5: Langkah 1 | C5: Buka sheet INPUT_NILAI dan isi identitas siswa serta nilai.
B6: Langkah 2 | C6: Jika nama mata pelajaran perlu diubah, edit daftar pada sheet DATA.
B7: Langkah 3 | C7: Buka sheet RAPORT. Data akan otomatis ditarik dari INPUT_NILAI.
B8: Langkah 4 | C8: Gunakan menu Print pada sheet RAPORT. Ukuran kertas sudah disiapkan A4 portrait dan fit 1 halaman.
B9: Catatan | C9: Kolom kuning pada INPUT_NILAI adalah area yang disiapkan untuk diisi pengguna. Nilai harus berupa angka 0–100.

Sheet INPUT_NILAI
A1: INPUT DATA DAN NILAI SISWA
A3: Nama Siswa
A4: Kelas
A5: NISN - NIS
A6: Tahun Pelajaran
A8: No | B8: Mata Pelajaran | C8: PR | D8: UH | E8: Tertulis | F8: Praktek
A9: 1 | B9: =DATA!B15 -> Pendidikan Agama dan Budi Pekerti
A10: 2 | B10: =DATA!B16 -> Pendidikan Pancasila
A11: 3 | B11: =DATA!B17 -> Bahasa Indonesia
A12: 4 | B12: =DATA!B18 -> Matematika
A13: 5 | B13: =DATA!B19 -> Ilmu Pengetahuan Alam (IPA)
A14: 6 | B14: =DATA!B20 -> Ilmu Pengetahuan Sosial (IPS)
A15: 7 | B15: =DATA!B21 -> Bahasa Inggris
A16: 8 | B16: =DATA!B22 -> PJOK
A17: 9 | B17: =DATA!B23 -> Seni Tari
A18: 10 | B18: =DATA!B24 -> Seni Musik
A19: 11 | B19: =DATA!B25 -> Seni Teater
A20: 12 | B20: =DATA!B26 -> Seni Rupa
... A25: 17 | B25: =DATA!B31 -> English Conversation*
A27: ABSENSI & CATATAN SISWA
A28: Sakit (Hari) | B28: 0
A29: Izin (Hari) | B29: 0
A30: Alpa (Hari) | B30: 0
A31: Catatan Wali Kelas | B31: Tetap semangat belajar ya nak!

Sheet RAPORT
A2: =DATA!B3 -> SMP HARAPAN BANGSA KARAWANG
A3: =DATA!B4 -> Jl. R.E. Martadinata no. 8, RT.02/RW.09, Adiarsa Barat, Karawang
A4: =DATA!B5 -> Laporan Hasil Belajar Tengah Semester 1 (Raport Bayangan)
A5: ="Tahun Pelajaran "&IF(INPUT_NILAI!B6<>"",INPUT_NILAI!B6,DATA!B6) -> Tahun Pelajaran 2026/2027
A7: NAMA SISWA | C7: =IF(INPUT_NILAI!B3="","",INPUT_NILAI!B3)
A8: KELAS | C8: =IF(INPUT_NILAI!B4="","",INPUT_NILAI!B4)
A9: NISN - NIS | C9: =IF(INPUT_NILAI!B5="","",INPUT_NILAI!B5)
A11: CAPAIAN KOMPETENSI
A13: No | B13: MATA PELAJARAN | D13: FORMATIF HARIAN | F13: SUMATIF
D14: PR | E14: UH | F14: TERTULIS | G14: PRAKTEK
A15: 1 | B15: =IF(OR(INPUT_NILAI!B9="",INPUT_NILAI!B9=0),"",INPUT_NILAI!B9) -> Pendidikan Agama dan Budi Pekerti | D15: =IF(INPUT_NILAI!C9="","",INPUT_NILAI!C9) | E15: =IF(INPUT_NILAI!D9="","",INPUT_NILAI!D9) | F15: =IF(INPUT_NILAI!E9="","",INPUT_NILAI!E9) | G15: =IF(INPUT_NILAI!F9="","",INPUT_NILAI!F9)
A16: 2 | B16: =IF(OR(INPUT_NILAI!B10="",INPUT_NILAI!B10=0),"",INPUT_NILAI!B10) -> Pendidikan Pancasila | D16: =IF(INPUT_NILAI!C10="","",INPUT_NILAI!C10) | E16: =IF(INPUT_NILAI!D10="","",INPUT_NILAI!D10) | F16: =IF(INPUT_NILAI!E10="","",INPUT_NILAI!E10) | G16: =IF(INPUT_NILAI!F10="","",INPUT_NILAI!F10)
A17: 3 | B17: =IF(OR(INPUT_NILAI!B11="",INPUT_NILAI!B11=0),"",INPUT_NILAI!B11) -> Bahasa Indonesia | D17: =IF(INPUT_NILAI!C11="","",INPUT_NILAI!C11) | E17: =IF(INPUT_NILAI!D11="","",INPUT_NILAI!D11) | F17: =IF(INPUT_NILAI!E11="","",INPUT_NILAI!E11) | G17: =IF(INPUT_NILAI!F11="","",INPUT_NILAI!F11)
A18: 4 | B18: =IF(OR(INPUT_NILAI!B12="",INPUT_NILAI!B12=0),"",INPUT_NILAI!B12) -> Matematika | D18: =IF(INPUT_NILAI!C12="","",INPUT_NILAI!C12) | E18: =IF(INPUT_NILAI!D12="","",INPUT_NILAI!D12) | F18: =IF(INPUT_NILAI!E12="","",INPUT_NILAI!E12) | G18: =IF(INPUT_NILAI!F12="","",INPUT_NILAI!F12)
A19: 5 | B19: =IF(OR(INPUT_NILAI!B13="",INPUT_NILAI!B13=0),"",INPUT_NILAI!B13) -> Ilmu Pengetahuan Alam (IPA) | D19: =IF(INPUT_NILAI!C13="","",INPUT_NILAI!C13) | E19: =IF(INPUT_NILAI!D13="","",INPUT_NILAI!D13) | F19: =IF(INPUT_NILAI!E13="","",INPUT_NILAI!E13) | G19: =IF(INPUT_NILAI!F13="","",INPUT_NILAI!F13)
A20: 6 | B20: =IF(OR(INPUT_NILAI!B14="",INPUT_NILAI!B14=0),"",INPUT_NILAI!B14) -> Ilmu Pengetahuan Sosial (IPS) | D20: =IF(INPUT_NILAI!C14="","",INPUT_NILAI!C14) | E20: =IF(INPUT_NILAI!D14="","",INPUT_NILAI!D14) | F20: =IF(INPUT_NILAI!E14="","",INPUT_NILAI!E14) | G20: =IF(INPUT_NILAI!F14="","",INPUT_NILAI!F14)
A21: 7 | B21: =IF(OR(INPUT_NILAI!B15="",INPUT_NILAI!B15=0),"",INPUT_NILAI!B15) -> Bahasa Inggris | D21: =IF(INPUT_NILAI!C15="","",INPUT_NILAI!C15) | E21: =IF(INPUT_NILAI!D15="","",INPUT_NILAI!D15) | F21: =IF(INPUT_NILAI!E15="","",INPUT_NILAI!E15) | G21: =IF(INPUT_NILAI!F15="","",INPUT_NILAI!F15)
A22: 8 | B22: =IF(OR(INPUT_NILAI!B16="",INPUT_NILAI!B16=0),"",INPUT_NILAI!B16) -> PJOK | D22: =IF(INPUT_NILAI!C16="","",INPUT_NILAI!C16) | E22: =IF(INPUT_NILAI!D16="","",INPUT_NILAI!D16) | F22: =IF(INPUT_NILAI!E16="","",INPUT_NILAI!E16) | G22: =IF(INPUT_NILAI!F16="","",INPUT_NILAI!F16)
A23: 9 | B23: =IF(OR(INPUT_NILAI!B17="",INPUT_NILAI!B17=0),"",INPUT_NILAI!B17) -> Seni Tari | D23: =IF(INPUT_NILAI!C17="","",INPUT_NILAI!C17) | E23: =IF(INPUT_NILAI!D17="","",INPUT_NILAI!D17) | F23: =IF(INPUT_NILAI!E17="","",INPUT_NILAI!E17) | G23: =IF(INPUT_NILAI!F17="","",INPUT_NILAI!F17)
A24: 10 | B24: =IF(OR(INPUT_NILAI!B18="",INPUT_NILAI!B18=0),"",INPUT_NILAI!B18) -> Seni Musik | D24: =IF(INPUT_NILAI!C18="","",INPUT_NILAI!C18) | E24: =IF(INPUT_NILAI!D18="","",INPUT_NILAI!D18) | F24: =IF(INPUT_NILAI!E18="","",INPUT_NILAI!E18) | G24: =IF(INPUT_NILAI!F18="","",INPUT_NILAI!F18)
A25: 11 | B25: =IF(OR(INPUT_NILAI!B19="",INPUT_NILAI!B19=0),"",INPUT_NILAI!B19) -> Seni Teater | D25: =IF(INPUT_NILAI!C19="","",INPUT_NILAI!C19) | E25: =IF(INPUT_NILAI!D19="","",INPUT_NILAI!D19) | F25: =IF(INPUT_NILAI!E19="","",INPUT_NILAI!E19) | G25: =IF(INPUT_NILAI!F19="","",INPUT_NILAI!F19)
A26: 12 | B26: =IF(OR(INPUT_NILAI!B20="",INPUT_NILAI!B20=0),"",INPUT_NILAI!B20) -> Seni Rupa | D26: =IF(INPUT_NILAI!C20="","",INPUT_NILAI!C20) | E26: =IF(INPUT_NILAI!D20="","",INPUT_NILAI!D20) | F26: =IF(INPUT_NILAI!E20="","",INPUT_NILAI!E20) | G26: =IF(INPUT_NILAI!F20="","",INPUT_NILAI!F20)
... A31: 17 | B31: =IF(OR(INPUT_NILAI!B25="",INPUT_NILAI!B25=0),"",INPUT_NILAI!B25) -> English Conversation* | D31: =IF(INPUT_NILAI!C25="","",INPUT_NILAI!C25) | E31: =IF(INPUT_NILAI!D25="","",INPUT_NILAI!D25) | F31: =IF(INPUT_NILAI!E25="","",INPUT_NILAI!E25) | G31: =IF(INPUT_NILAI!F25="","",INPUT_NILAI!F25)
A32: RATA-RATA | D32: =IFERROR(ROUND(AVERAGE(D15:D31),0),"") | E32: =IFERROR(ROUND(AVERAGE(E15:E31),0),"") | F32: =IFERROR(ROUND(AVERAGE(F15:F31),0),"") | G32: =IFERROR(ROUND(AVERAGE(G15:G31),0),"")
A33: RATA-RATA KESELURUHAN | F33: =IFERROR(ROUND(AVERAGE(D15:G31),0),"")
A34: *) Mata Pelajaran Opsional / Tambahan
A35: Keterangan | C35: Catatan | F35: Tanda Tangan Orang Tua
A36: S | B36: ="Sakit = "&IF(INPUT_NILAI!B28<>"",INPUT_NILAI!B28,0) -> Sakit = 0 | C36: =IF(INPUT_NILAI!B31<>"",""&INPUT_NILAI!B31,"Tetap semangat belajar ya nak!") -> Tetap semangat belajar ya nak! | F36: ......................................
A37: I | B37: ="Izin = "&IF(INPUT_NILAI!B29<>"",INPUT_NILAI!B29,0) -> Izin = 0
A38: A | B38: ="Alpa = "&IF(INPUT_NILAI!B30<>"",INPUT_NILAI!B30,0) -> Alpa = 0
A40: Mengetahui, | E40: =DATA!B11 -> Karawang, 31 Oktober 2022
A41: Kepala Sekolah | E41: Wali Kelas
A45: =DATA!B7 -> Juliana Ruth Mathilda Hutapea, S.Th | E45: =DATA!B9 -> Farida Donna Gultom, S.Pd
A46: ="NIPY: "&DATA!B8 -> NIPY: 2980708020780 | E46: ="NIPY: "&DATA!B10 -> NIPY:

Sheet DATA
A1: DATA MASTER
A3: Nama Sekolah | B3: SMP HARAPAN BANGSA KARAWANG
A4: Alamat Sekolah | B4: Jl. R.E. Martadinata no. 8, RT.02/RW.09, Adiarsa Barat, Karawang
A5: Judul Laporan | B5: Laporan Hasil Belajar Tengah Semester 1 (Raport Bayangan)
A6: Tahun Pelajaran | B6: 2026/2027
A7: Kepala Sekolah | B7: Juliana Ruth Mathilda Hutapea, S.Th
A8: NIPY Kepala Sekolah | B8: 02980708020780
A9: Wali Kelas | B9: Farida Donna Gultom, S.Pd
A10: NIPY Wali Kelas | B10: -
A11: Kota/Tanggal | B11: Karawang, 02 Oktober 2026
A13: DAFTAR MATA PELAJARAN
A15: 1 | B15: Pendidikan Agama dan Budi Pekerti
A16: 2 | B16: Pendidikan Pancasila
A17: 3 | B17: Bahasa Indonesia
A18: 4 | B18: Matematika
A19: 5 | B19: Ilmu Pengetahuan Alam (IPA)
A20: 6 | B20: Ilmu Pengetahuan Sosial (IPS)
A21: 7 | B21: Bahasa Inggris
A22: 8 | B22: PJOK
A23: 9 | B23: Seni Tari
A24: 10 | B24: Seni Musik
A25: 11 | B25: Seni Teater
A26: 12 | B26: Seni Rupa
... A31: 17 | B31: English Conversation*
